{
  "temperature": 0.925916314125061,
  "val_nll_after_fit": 0.012947870418429375
}